cohort,stratum,signature,signature_type,n_responder,n_non_responder,mean_responder,mean_non_responder,cliffs_delta_R_vs_NR,AUC_nonresponse_high,hedges_g_R_minus_NR,variance_g,se_g,ci95_low_g,ci95_high_g
GSE16879,GSE16879_CD_colon,myeloid_inflammation,current_module,12,7,-0.6158756690325654,0.6782889582213023,-0.9761904761904762,0.9880952380952381,-2.514484737011995,0.412150284798308,0.6419893182898825,-3.7727838008601644,-1.2561856731638252
GSE16879,GSE16879_CD_colon,epithelial_ifn_damage,current_module,12,7,-0.22301856212389579,0.5156423906931903,-0.5476190476190477,0.7738095238095238,-1.015453687833018,0.25651830537087844,0.5064763621047664,-2.0081473575583604,-0.022760018107675806
GSE16879,GSE16879_CD_colon,epithelial_barrier_maturity,current_module,12,7,0.5043174422763895,0.019478135020405248,0.47619047619047616,0.2619047619047619,0.8506354690343451,0.24747226151927854,0.49746583955009266,-0.12439757648383654,1.8256685145525267
GSE16879,GSE16879_CD_colon,stromal_fibroinflammatory,current_module,12,7,-0.44383899389499754,0.5101334509397882,-0.8095238095238095,0.9047619047619048,-1.7170755350468967,0.31290660539802284,0.5593805550767946,-2.813461422997414,-0.6206896470963792
GSE16879,GSE16879_CD_colon,Arijs_2009_top5,published_benchmark,12,7,-0.6826827387583965,0.42167627787546735,-1.0,1.0,-3.208963311877452,0.5290565213956381,0.7273627165284443,-4.634594236273203,-1.7833323874817013
GSE16879,GSE16879_CD_colon,West_2017_OSM22,published_benchmark,12,7,-0.48945828557289045,0.4939451874980449,-0.9285714285714286,0.9642857142857143,-2.5912458327374783,0.42367738694575113,0.6509050521740871,-3.867019734998689,-1.3154719304762676
GSE16879,GSE16879_CD_colon,West_2017_OSM_OSMR,published_benchmark,12,7,-0.7615674217070946,0.5457580629039713,-0.9047619047619048,0.9523809523809523,-2.0675123275096605,0.3519142180847237,0.5932235818683573,-3.230230547971641,-0.9047941070476802
GSE16879,GSE16879_UC_colon,myeloid_inflammation,current_module,8,16,-0.4648863447603643,0.3975985049327865,-0.625,0.8125,-1.117548251749582,0.21588441124973973,0.4646336312082238,-2.028230168917701,-0.20686633458146342
GSE16879,GSE16879_UC_colon,epithelial_ifn_damage,current_module,8,16,-0.36687798469469085,0.12510936801199635,-0.546875,0.7734375,-0.7142795260499782,0.19909534639395868,0.44620101568010656,-1.5888335167829872,0.16027446468303064
GSE16879,GSE16879_UC_colon,epithelial_barrier_maturity,current_module,8,16,0.028555819288592826,-0.40103767542301627,0.5,0.25,0.7867110429165313,0.20156623329651854,0.44896128262525997,-0.09325307102897828,1.6666751568620408
GSE16879,GSE16879_UC_colon,stromal_fibroinflammatory,current_module,8,16,-0.3639793222190023,0.2916855217445918,-0.515625,0.7578125,-0.8867277488075364,0.2053701386478473,0.4531778223256819,-1.7749562805658727,0.0015007829508001391
GSE16879,GSE16879_UC_colon,Arijs_2009_top5,published_benchmark,8,16,-0.6373957472709424,0.6462265561337518,-0.8125,0.90625,-1.4152129524413364,0.23301881138085737,0.48272022060491454,-2.361344584826969,-0.4690813200557039
GSE16879,GSE16879_UC_colon,West_2017_OSM22,published_benchmark,8,16,-0.515962570822392,0.40897398006046926,-0.84375,0.921875,-1.563558191857983,0.2430616868028683,0.4930128667721242,-2.5298634107313465,-0.5972529729846197
GSE16879,GSE16879_UC_colon,West_2017_OSM_OSMR,published_benchmark,8,16,-0.3022917435575212,0.48355228553859375,-0.625,0.8125,-0.9944698167439053,0.20997659582760583,0.4582320327384434,-1.8926046009112545,-0.09633503257655629
GSE23597,GSE23597_UC_colon,myeloid_inflammation,current_module,25,7,-0.21446490859322412,0.7659461021186577,-0.5771428571428572,0.7885714285714286,-1.1987355804926652,0.2068065927227943,0.4547599286687365,-2.0900650406833887,-0.3074061203019417
GSE23597,GSE23597_UC_colon,epithelial_ifn_damage,current_module,25,7,-0.22312528744293325,0.7968760265819043,-0.5428571428571428,0.7714285714285715,-1.5093218523872745,0.2208246837587054,0.46991986950830816,-2.430364796623558,-0.5882789081509905
GSE23597,GSE23597_UC_colon,epithelial_barrier_maturity,current_module,25,7,0.05579281890883707,-0.1992600675315607,0.15428571428571428,0.4228571428571429,0.3679737147913049,0.1851138871034314,0.43024863405179037,-0.47531360795020416,1.211261037532814
GSE23597,GSE23597_UC_colon,stromal_fibroinflammatory,current_module,25,7,-0.1494071394304137,0.5335969265371926,-0.3485714285714286,0.6742857142857143,-0.9851987858051429,0.1990340869830083,0.4461323648683295,-1.8596182209470689,-0.11077935066321698
GSE23597,GSE23597_UC_colon,Arijs_2009_top5,published_benchmark,25,7,-0.2679860394374362,0.9570929979908435,-0.7371428571428571,0.8685714285714285,-1.6714201169278213,0.2294178963116597,0.47897588280795483,-2.610212847231413,-0.7326273866242299
GSE23597,GSE23597_UC_colon,West_2017_OSM22,published_benchmark,25,7,-0.19165951779710066,0.6844982778467881,-0.52,0.76,-1.4437938229574305,0.21759948624397674,0.46647560090960466,-2.3580860007402555,-0.5295016451746054
GSE23597,GSE23597_UC_colon,West_2017_OSM_OSMR,published_benchmark,25,7,-0.220435837171272,0.787270847040258,-0.68,0.84,-1.4109917318635654,0.21603877064693192,0.46479971024833044,-2.3219991639502933,-0.4999842997768378
GSE92415,GSE92415_UC_colon,myeloid_inflammation,current_module,32,27,-0.2816769188995675,0.33383931128837635,-0.44212962962962965,0.7210648148148148,-0.743032092801539,0.07312999046627418,0.2704255728777776,-1.273066215641983,-0.212997969961095
GSE92415,GSE92415_UC_colon,epithelial_ifn_damage,current_module,32,27,-0.09848622180572772,0.11672441102901093,-0.2013888888888889,0.6006944444444444,-0.31855579387554334,0.06917719312310439,0.26301557581843776,-0.8340663224796814,0.1969547347285947
GSE92415,GSE92415_UC_colon,epithelial_barrier_maturity,current_module,32,27,0.11953833228598075,-0.1416750604870876,0.2152777777777778,0.3923611111111111,0.36099663543088834,0.0694301823948653,0.26349607662138974,-0.1554556747470356,0.8774489456088123
GSE92415,GSE92415_UC_colon,stromal_fibroinflammatory,current_module,32,27,-0.08881850658112037,0.1052663781702164,-0.16898148148148148,0.5844907407407407,-0.26289435993467636,0.06889329532199724,0.2624753232629636,-0.7773459935300849,0.2515572736607322
GSE92415,GSE92415_UC_colon,Arijs_2009_top5,published_benchmark,32,27,-0.1681094171554631,0.19924079070277068,-0.31712962962962965,0.6585648148148148,-0.40933386031179225,0.06975681080192961,0.2641151468619882,-0.9269995481612892,0.1083318275377047
GSE92415,GSE92415_UC_colon,West_2017_OSM22,published_benchmark,32,27,-0.20427046470528026,0.24209832853959096,-0.375,0.6875,-0.6437568578290315,0.07192232556336955,0.26818338047569157,-1.169396283561387,-0.11811743209667602
GSE92415,GSE92415_UC_colon,West_2017_OSM_OSMR,published_benchmark,32,27,-0.2159025139993672,0.25588446103628826,-0.33564814814814814,0.6678240740740741,-0.5535049496710429,0.07097447325905759,0.2664103475074825,-1.0756692307857088,-0.03134066855637718
E-MTAB-7604,E-MTAB-7604_IBD_colon,myeloid_inflammation,current_module,10,17,-0.08203511185302742,0.49158870188191484,-0.3764705882352941,0.6882352941176471,-0.6873566154760462,0.1682727117485384,0.4102105700107426,-1.4913693326971016,0.11665610174500929
E-MTAB-7604,E-MTAB-7604_IBD_colon,epithelial_ifn_damage,current_module,10,17,0.018198671821376012,-0.13374479856912055,0.12941176470588237,0.43529411764705883,0.17844506116295686,0.1594603822088337,0.39932490807465754,-0.6042317586633719,0.9611218809892856
E-MTAB-7604,E-MTAB-7604_IBD_colon,epithelial_barrier_maturity,current_module,10,17,0.38720110315178574,-0.08483726366667091,0.32941176470588235,0.3352941176470588,0.5967003814117585,0.16594455631530347,0.4073629294809525,-0.20173096037090832,1.3951317231944254
E-MTAB-7604,E-MTAB-7604_IBD_colon,stromal_fibroinflammatory,current_module,10,17,0.14738190284477345,0.3978143134804482,-0.24705882352941178,0.6235294117647059,-0.35356045080087584,0.16132362925917507,0.40165112879111275,-1.1407966632314568,0.4336757616297051
E-MTAB-7604,E-MTAB-7604_IBD_colon,Arijs_2009_top5,published_benchmark,10,17,0.04877510444853706,0.4601752592741023,-0.27058823529411763,0.6352941176470588,-0.41977312106529313,0.16234771887514265,0.40292396165423405,-1.2095040859075918,0.36995784377700563
E-MTAB-7604,E-MTAB-7604_IBD_colon,West_2017_OSM22,published_benchmark,10,17,0.08173376595135293,0.30868259290483524,-0.24705882352941178,0.6235294117647059,-0.28761815217040115,0.16047801344092302,0.40059707118365584,-1.0727884116903665,0.4975521073495643
E-MTAB-7604,E-MTAB-7604_IBD_colon,West_2017_OSM_OSMR,published_benchmark,10,17,-0.038100335066637,0.4931427411952032,-0.4117647058823529,0.7058823529411765,-0.6111623740657551,0.1662939183612385,0.40779151335117125,-1.4104337402340508,0.1881089921025405
E-MTAB-7604,E-MTAB-7604_IBD_ileum,myeloid_inflammation,current_module,9,8,-0.6664414648220722,-0.19233545375795305,-0.3888888888888889,0.6944444444444444,-0.6851788824103531,0.2517601144744811,0.5017570273294447,-1.6686226559760646,0.2982648911553586
E-MTAB-7604,E-MTAB-7604_IBD_ileum,epithelial_ifn_damage,current_module,9,8,0.020900975075209174,0.2379457602230477,-0.3888888888888889,0.6944444444444444,-0.6403334519258065,0.24977867543295174,0.4997786264266928,-1.6198995597221244,0.3392326558705113
E-MTAB-7604,E-MTAB-7604_IBD_ileum,epithelial_barrier_maturity,current_module,9,8,0.11272245346702464,-0.43053495379846196,0.4166666666666667,0.2916666666666667,0.9455270581065153,0.26591182503149646,0.5156663892784719,-0.06517906487928948,1.95623318109232
E-MTAB-7604,E-MTAB-7604_IBD_ileum,stromal_fibroinflammatory,current_module,9,8,-0.5511353758140675,-0.4095554969110915,-0.2222222222222222,0.6111111111111112,-0.1702596666018788,0.2370773895801572,0.4869059350430607,-1.1245952992862778,0.7840759660825201
E-MTAB-7604,E-MTAB-7604_IBD_ileum,Arijs_2009_top5,published_benchmark,9,8,-0.7301182253207013,-0.2174583030323501,-0.5,0.75,-0.7537027133581404,0.25504670378189187,0.5050214884357812,-1.7435448306922716,0.23613940397599076
E-MTAB-7604,E-MTAB-7604_IBD_ileum,West_2017_OSM22,published_benchmark,9,8,-0.5363000587533685,-0.1547801512644269,-0.3055555555555556,0.6527777777777778,-0.4968168801196445,0.2443386781901717,0.4943062595093974,-1.4656571487580634,0.4720233885187744
E-MTAB-7604,E-MTAB-7604_IBD_ileum,West_2017_OSM_OSMR,published_benchmark,9,8,-0.770308332982376,-0.13370603160133548,-0.4722222222222222,0.7361111111111112,-0.8104216036964678,0.2580038836357096,0.5079408269037936,-1.8059856244279033,0.1851424170349677
