cohort,stratum,signature,signature_type,development_overlap,n_responder,n_non_responder,hedges_g_R_minus_NR,variance_g,ci95_low_g,ci95_high_g,oriented_AUC_response,mannwhitney_p,axis,level
GSE16879,disease_group:CD,myeloid_inflammation,current_module,False,12,7,-2.514484737011995,0.412150284798308,-3.7727838008601644,-1.2561856731638252,0.9880952380952381,7.938398031277289e-05,disease_group,CD
GSE16879,disease_group:CD,epithelial_ifn_damage,current_module,False,12,7,-1.015453687833018,0.25651830537087844,-2.0081473575583604,-0.022760018107675806,0.7738095238095238,0.05564817019925379,disease_group,CD
GSE16879,disease_group:CD,epithelial_barrier_maturity,current_module,False,12,7,0.8506354690343451,0.24747226151927854,-0.12439757648383654,1.8256685145525267,0.7380952380952381,0.10026196713503215,disease_group,CD
GSE16879,disease_group:CD,stromal_fibroinflammatory,current_module,False,12,7,-1.7170755350468967,0.31290660539802284,-2.813461422997414,-0.6206896470963792,0.9047619047619048,0.002619671350321505,disease_group,CD
GSE16879,disease_group:UC,myeloid_inflammation,current_module,False,8,16,-1.117548251749582,0.21588441124973973,-2.028230168917701,-0.20686633458146342,0.8125,0.013120843649851593,disease_group,UC
GSE16879,disease_group:UC,epithelial_ifn_damage,current_module,False,8,16,-0.7142795260499782,0.19909534639395868,-1.5888335167829872,0.16027446468303064,0.7734375,0.032428199072431135,disease_group,UC
GSE16879,disease_group:UC,epithelial_barrier_maturity,current_module,False,8,16,0.7867110429165313,0.20156623329651854,-0.09325307102897828,1.6666751568620408,0.75,0.052314775157688065,disease_group,UC
GSE16879,disease_group:UC,stromal_fibroinflammatory,current_module,False,8,16,-0.8867277488075364,0.2053701386478473,-1.7749562805658727,0.0015007829508001391,0.7578125,0.04482297738456037,disease_group,UC
GSE16879,tissue_group:colon,myeloid_inflammation,current_module,False,20,23,-1.5916598211200217,0.12437315094478253,-2.2828847459234294,-0.900434896316614,0.8978260869565218,8.841012970076594e-06,tissue_group,colon
GSE16879,tissue_group:colon,epithelial_ifn_damage,current_module,False,20,23,-0.7607598775718054,0.1005362558857002,-1.3822259511514545,-0.1392938039921563,0.7195652173913044,0.014401152138761598,tissue_group,colon
GSE16879,tissue_group:colon,epithelial_barrier_maturity,current_module,False,20,23,1.0193859621389791,0.10615079428183366,0.3808024583486822,1.657969465929276,0.7782608695652175,0.001905830142715577,tissue_group,colon
GSE16879,tissue_group:colon,stromal_fibroinflammatory,current_module,False,20,23,-1.2001539655873865,0.11104374307828632,-1.8532892068732512,-0.5470187243015219,0.8195652173913043,0.0003608665843389518,tissue_group,colon
GSE16879,drug:infliximab,myeloid_inflammation,current_module,False,20,23,-1.5916598211200217,0.12437315094478253,-2.2828847459234294,-0.900434896316614,0.8978260869565218,8.841012970076594e-06,drug,infliximab
GSE16879,drug:infliximab,epithelial_ifn_damage,current_module,False,20,23,-0.7607598775718054,0.1005362558857002,-1.3822259511514545,-0.1392938039921563,0.7195652173913044,0.014401152138761598,drug,infliximab
GSE16879,drug:infliximab,epithelial_barrier_maturity,current_module,False,20,23,1.0193859621389791,0.10615079428183366,0.3808024583486822,1.657969465929276,0.7782608695652175,0.001905830142715577,drug,infliximab
GSE16879,drug:infliximab,stromal_fibroinflammatory,current_module,False,20,23,-1.2001539655873865,0.11104374307828632,-1.8532892068732512,-0.5470187243015219,0.8195652173913043,0.0003608665843389518,drug,infliximab
GSE23597,disease_group:UC,myeloid_inflammation,current_module,False,25,7,-1.1987355804926652,0.2068065927227943,-2.0900650406833887,-0.3074061203019417,0.7885714285714286,0.02009830485915024,disease_group,UC
GSE23597,disease_group:UC,epithelial_ifn_damage,current_module,False,25,7,-1.5093218523872745,0.2208246837587054,-2.430364796623558,-0.5882789081509905,0.7714285714285714,0.02981351549204719,disease_group,UC
GSE23597,disease_group:UC,epithelial_barrier_maturity,current_module,False,25,7,0.3679737147913049,0.1851138871034314,-0.47531360795020416,1.211261037532814,0.5771428571428572,0.5616318701691337,disease_group,UC
GSE23597,disease_group:UC,stromal_fibroinflammatory,current_module,False,25,7,-0.9851987858051429,0.1990340869830083,-1.8596182209470689,-0.11077935066321698,0.6742857142857143,0.17543471853816683,disease_group,UC
GSE23597,tissue_group:colon,myeloid_inflammation,current_module,False,25,7,-1.1987355804926652,0.2068065927227943,-2.0900650406833887,-0.3074061203019417,0.7885714285714286,0.02009830485915024,tissue_group,colon
GSE23597,tissue_group:colon,epithelial_ifn_damage,current_module,False,25,7,-1.5093218523872745,0.2208246837587054,-2.430364796623558,-0.5882789081509905,0.7714285714285714,0.02981351549204719,tissue_group,colon
GSE23597,tissue_group:colon,epithelial_barrier_maturity,current_module,False,25,7,0.3679737147913049,0.1851138871034314,-0.47531360795020416,1.211261037532814,0.5771428571428572,0.5616318701691337,tissue_group,colon
GSE23597,tissue_group:colon,stromal_fibroinflammatory,current_module,False,25,7,-0.9851987858051429,0.1990340869830083,-1.8596182209470689,-0.11077935066321698,0.6742857142857143,0.17543471853816683,tissue_group,colon
GSE23597,drug:infliximab,myeloid_inflammation,current_module,False,25,7,-1.1987355804926652,0.2068065927227943,-2.0900650406833887,-0.3074061203019417,0.7885714285714286,0.02009830485915024,drug,infliximab
GSE23597,drug:infliximab,epithelial_ifn_damage,current_module,False,25,7,-1.5093218523872745,0.2208246837587054,-2.430364796623558,-0.5882789081509905,0.7714285714285714,0.02981351549204719,drug,infliximab
GSE23597,drug:infliximab,epithelial_barrier_maturity,current_module,False,25,7,0.3679737147913049,0.1851138871034314,-0.47531360795020416,1.211261037532814,0.5771428571428572,0.5616318701691337,drug,infliximab
GSE23597,drug:infliximab,stromal_fibroinflammatory,current_module,False,25,7,-0.9851987858051429,0.1990340869830083,-1.8596182209470689,-0.11077935066321698,0.6742857142857143,0.17543471853816683,drug,infliximab
GSE92415,disease_group:UC,myeloid_inflammation,current_module,False,32,27,-0.743032092801539,0.07312999046627418,-1.273066215641983,-0.212997969961095,0.7210648148148149,0.0037511351983291696,disease_group,UC
GSE92415,disease_group:UC,epithelial_ifn_damage,current_module,False,32,27,-0.31855579387554334,0.06917719312310439,-0.8340663224796814,0.1969547347285947,0.6006944444444445,0.18815538533168163,disease_group,UC
GSE92415,disease_group:UC,epithelial_barrier_maturity,current_module,False,32,27,0.36099663543088834,0.0694301823948653,-0.1554556747470356,0.8774489456088123,0.6076388888888888,0.159325798546183,disease_group,UC
GSE92415,disease_group:UC,stromal_fibroinflammatory,current_module,False,32,27,-0.26289435993467636,0.06889329532199724,-0.7773459935300849,0.2515572736607322,0.5844907407407407,0.2700044220537463,disease_group,UC
GSE92415,tissue_group:colon,myeloid_inflammation,current_module,False,32,27,-0.743032092801539,0.07312999046627418,-1.273066215641983,-0.212997969961095,0.7210648148148149,0.0037511351983291696,tissue_group,colon
GSE92415,tissue_group:colon,epithelial_ifn_damage,current_module,False,32,27,-0.31855579387554334,0.06917719312310439,-0.8340663224796814,0.1969547347285947,0.6006944444444445,0.18815538533168163,tissue_group,colon
GSE92415,tissue_group:colon,epithelial_barrier_maturity,current_module,False,32,27,0.36099663543088834,0.0694301823948653,-0.1554556747470356,0.8774489456088123,0.6076388888888888,0.159325798546183,tissue_group,colon
GSE92415,tissue_group:colon,stromal_fibroinflammatory,current_module,False,32,27,-0.26289435993467636,0.06889329532199724,-0.7773459935300849,0.2515572736607322,0.5844907407407407,0.2700044220537463,tissue_group,colon
GSE92415,drug:golimumab,myeloid_inflammation,current_module,False,32,27,-0.743032092801539,0.07312999046627418,-1.273066215641983,-0.212997969961095,0.7210648148148149,0.0037511351983291696,drug,golimumab
GSE92415,drug:golimumab,epithelial_ifn_damage,current_module,False,32,27,-0.31855579387554334,0.06917719312310439,-0.8340663224796814,0.1969547347285947,0.6006944444444445,0.18815538533168163,drug,golimumab
GSE92415,drug:golimumab,epithelial_barrier_maturity,current_module,False,32,27,0.36099663543088834,0.0694301823948653,-0.1554556747470356,0.8774489456088123,0.6076388888888888,0.159325798546183,drug,golimumab
GSE92415,drug:golimumab,stromal_fibroinflammatory,current_module,False,32,27,-0.26289435993467636,0.06889329532199724,-0.7773459935300849,0.2515572736607322,0.5844907407407407,0.2700044220537463,drug,golimumab
E-MTAB-7604,disease_group:mixed_IBD,myeloid_inflammation,current_module,False,19,25,-0.7735199211912028,0.0997545916673642,-1.3925653471086763,-0.15447449527372925,0.7136842105263158,0.016707166630798485,disease_group,mixed_IBD
E-MTAB-7604,disease_group:mixed_IBD,epithelial_ifn_damage,current_module,False,19,25,0.04960289719227564,0.09266086998796208,-0.5470259641157867,0.646231758500338,0.47578947368421054,0.7943751482493642,disease_group,mixed_IBD
E-MTAB-7604,disease_group:mixed_IBD,epithelial_barrier_maturity,current_module,False,19,25,0.6412934404651117,0.0975274989090777,0.029197337055595685,1.2533895438746279,0.6673684210526316,0.061231170758980276,disease_group,mixed_IBD
E-MTAB-7604,disease_group:mixed_IBD,stromal_fibroinflammatory,current_module,False,19,25,-0.39558663999642246,0.09449454073003104,-0.9980899409570789,0.20691666096423394,0.6252631578947367,0.1621300790605643,disease_group,mixed_IBD
E-MTAB-7604,tissue_group:colon,myeloid_inflammation,current_module,False,10,17,-0.6873566154760462,0.1682727117485384,-1.4913693326971016,0.11665610174500929,0.6882352941176471,0.11374004541200786,tissue_group,colon
E-MTAB-7604,tissue_group:colon,epithelial_ifn_damage,current_module,False,10,17,0.17844506116295686,0.1594603822088337,-0.6042317586633719,0.9611218809892856,0.43529411764705883,0.5980538285610385,tissue_group,colon
E-MTAB-7604,tissue_group:colon,epithelial_barrier_maturity,current_module,False,10,17,0.5967003814117585,0.16594455631530347,-0.20173096037090832,1.3951317231944254,0.6647058823529411,0.16735115922725363,tissue_group,colon
E-MTAB-7604,tissue_group:colon,stromal_fibroinflammatory,current_module,False,10,17,-0.35356045080087584,0.16132362925917507,-1.1407966632314568,0.4336757616297051,0.6235294117647059,0.3033397977721557,tissue_group,colon
E-MTAB-7604,tissue_group:ileum,myeloid_inflammation,current_module,False,9,8,-0.6851788824103531,0.2517601144744811,-1.6686226559760646,0.2982648911553586,0.6944444444444444,0.1995886466474702,tissue_group,ileum
E-MTAB-7604,tissue_group:ileum,epithelial_ifn_damage,current_module,False,9,8,-0.6403334519258065,0.24977867543295174,-1.6198995597221244,0.3392326558705113,0.6944444444444444,0.1995886466474702,tissue_group,ileum
E-MTAB-7604,tissue_group:ileum,epithelial_barrier_maturity,current_module,False,9,8,0.9455270581065153,0.26591182503149646,-0.06517906487928948,1.95623318109232,0.7083333333333333,0.16717400246812014,tissue_group,ileum
E-MTAB-7604,tissue_group:ileum,stromal_fibroinflammatory,current_module,False,9,8,-0.1702596666018788,0.2370773895801572,-1.1245952992862778,0.7840759660825201,0.611111111111111,0.4807075277663513,tissue_group,ileum
E-MTAB-7604,drug:adalimumab,myeloid_inflammation,current_module,False,10,17,-0.9203921685109032,0.17576596428888874,-1.7421114200878605,-0.09867291693394586,0.7176470588235293,0.0668543360307648,drug,adalimumab
E-MTAB-7604,drug:adalimumab,epithelial_ifn_damage,current_module,False,10,17,-0.29545368308362313,0.16056938698871825,-1.0808474423253553,0.48994007615810914,0.5705882352941176,0.5636619045071303,drug,adalimumab
E-MTAB-7604,drug:adalimumab,epithelial_barrier_maturity,current_module,False,10,17,0.23287578885961455,0.15990815207250444,-0.5508991514145263,1.0166507291337554,0.5470588235294118,0.7064914510409575,drug,adalimumab
E-MTAB-7604,drug:adalimumab,stromal_fibroinflammatory,current_module,False,10,17,-0.27429190825304484,0.16032825043042664,-1.0590957097560236,0.510511893249934,0.6176470588235294,0.32753646662360936,drug,adalimumab
E-MTAB-7604,drug:infliximab,myeloid_inflammation,current_module,False,9,8,-0.6910481142142747,0.25202936098308126,-1.6750176224575968,0.2929213940290474,0.7083333333333333,0.16717400246812014,drug,infliximab
E-MTAB-7604,drug:infliximab,epithelial_ifn_damage,current_module,False,9,8,0.42005923077817076,0.24199276968984273,-0.5441188772705963,1.3842373388269378,0.3888888888888889,0.4807075277663513,drug,infliximab
E-MTAB-7604,drug:infliximab,epithelial_barrier_maturity,current_module,False,9,8,1.0665388810887138,0.27402795060690993,0.040524370932300435,2.092553391245127,0.7916666666666666,0.046400658165364046,drug,infliximab
E-MTAB-7604,drug:infliximab,stromal_fibroinflammatory,current_module,False,9,8,-0.5784234019395579,0.24726356550815548,-1.553045232834049,0.3961984289549332,0.6527777777777777,0.3212669683257919,drug,infliximab
